IdNo,TotalMoney,GameName,Genre,PlayerNo,TournamentNo,Top_Country,Top_Country_Earnings,Releaseyear
613,310.00,Acceleration of SUGURI 2,Fighting Game,6,2,United States,310.00,2018
510,190075.61,Age of Empires,Strategy,246,95,Viet Nam,123408.43,1997
179,1492489.51,Age of Empires II,Strategy,956,576,China,174252.44,1999
177,68113.85,Age of Empires III,Strategy,106,76,United States,18523.52,2005
540,2668.00,Age of Empires Online,Strategy,16,7,Germany,1264.00,2011
178,52360.00,Age of Mythology,Strategy,22,6,"Taiwan, Republic of China",22000.00,2002
667,20.00,Akatsuki Blitzkampf,Fighting Game,3,1,United States,20.00,2007
246,40000.00,Aliens versus Predator 2,First-Person Shooter,1,1,United States,40000.00,2001
702,11000.00,Among Us,Strategy,5,2,United States,10000.00,2018
566,4273351.69,Apex Legends,Battle Royale,1099,170,United States,1825646.05,2019
457,245.00,Aquapazza: Aquaplus Dream Match,Fighting Game,5,2,United States,128.50,2011
431,1000.00,Arcana Heart 3,Fighting Game,4,1,United States,950.00,2009
597,570.00,Arcana Heart 3: Love Max Six Stars!!!!!,Fighting Game,8,4,United States,464.00,2014
462,410.00,Arcana Heart 3: LOVE MAX!!!!!,Fighting Game,6,2,United States,284.00,2013
529,15228710.62,Arena of Valor,Multiplayer Online Battle Arena,558,51,China,5016882.31,2015
508,18248.09,ARMS,Fighting Game,95,82,United States,11089.37,2017
552,119168.54,Artifact,Collectible Card Game,275,166,China,26273.47,2018
661,155.00,Artifact 2.0,Collectible Card Game,3,3,Russian Federation,60.00,2020
521,29500.00,Asphalt 4,Racing,5,2,Singapore,13000.00,2008
625,51520.00,Asphalt 9: Legends,Racing,5,2,Italy,17550.00,2018
553,191851.70,Assetto Corsa,Racing,81,31,Czech Republic,68689.40,2014
659,1649.00,Assetto Corsa Competizione,Racing,8,9,Denmark,354.00,2018
668,10.00,Asuka 120% LimitOver BURNING Fest.,Fighting Game,3,1,France,10.00,1998
489,108650.00,Attack on Titan Tribute Game,Fighting Game,21,15,Australia,35100.00,2013
589,1076322.28,Auto Chess,Strategy,72,6,"Korea, Republic of",515267.34,2019
528,185654.67,Battalion 1944,First-Person Shooter,114,21,United States,42650.00,2018
537,0.00,Battalion 1944,First-Person Shooter,0,0,None,0.00,2018
468,0.00,Battlefield 1,First-Person Shooter,0,0,None,0.00,2016
357,91715.22,Battlefield 2,First-Person Shooter,0,12,None,0.00,2005
355,18546.14,Battlefield 2142,First-Person Shooter,0,4,None,0.00,2006
248,25407.46,Battlefield 3,First-Person Shooter,5,7,Netherlands,1422.18,2011
274,245766.46,Battlefield 4,First-Person Shooter,204,145,France,42107.00,2013
651,0.00,Battlefield 5,First-Person Shooter,0,0,None,0.00,2018
394,13463.28,Battlefield Hardline,First-Person Shooter,20,1,France,5834.10,2015
453,65173.45,Battlerite,Multiplayer Online Battle Arena,86,75,United States,22655.00,2016
695,430.00,Beat Aim,First-Person Shooter,12,6,United States,220.00,2019
635,76200.00,Big Buck Hunter Arcade,First-Person Shooter,3,1,United States,33000.00,2016
522,8480.72,Black Squad,First-Person Shooter,57,17,Russian Federation,1689.79,2017
405,409355.52,Blade& Soul,Multiplayer Online Battle Arena,51,5,"Korea, Republic of",234303.31,2012
430,35.00,BlazBlue: Calamity Trigger,Fighting Game,3,1,United States,35.00,2008
456,78879.26,BlazBlue: Central Fiction,Fighting Game,86,38,Japan,54782.90,2015
332,37020.58,BlazBlue: Chronophantasma,Fighting Game,63,15,Japan,35027.31,2012
413,4918.77,BlazBlue: Chronophantasma Extend,Fighting Game,28,11,United States,4464.73,2015
261,0.00,BlazBlue: Continuum Shift Extend,Fighting Game,3,1,Canada,0.00,2011
212,24591.01,BlazBlue: Continuum Shift II,Fighting Game,14,5,United States,4623.00,2010
548,82800.03,BlazBlue: Cross Tag Battle,Fighting Game,89,31,United States,47523.75,2018
244,41905.32,Bloodline Champions,Multiplayer Online Battle Arena,43,12,Sweden,15685.10,2011
622,50000.00,Borderlands 3,First-Person Shooter,16,1,United Kingdom,25125.00,2019
586,94950.00,Brawl Stars,Strategy,51,10,Spain,26600.00,2018
443,1159994.09,Brawlhalla,Fighting Game,497,387,United States,638671.59,2015
551,0.00,Brawlout,Fighting Game,0,0,None,0.00,2017
693,16.00,Breakers Revenge,Fighting Game,3,1,Brazil,9.60,1998
356,50629.77,Call of Duty,First-Person Shooter,51,3,United States,36333.31,2003
268,66828.51,Call of Duty 2,First-Person Shooter,41,17,United States,7800.00,2005
264,420331.47,Call of Duty 4: Modern Warfare,First-Person Shooter,422,86,United Kingdom,104318.64,2007
364,2608808.93,Call of Duty: Advanced Warfare,First-Person Shooter,783,404,United States,2069853.35,2014
243,375793.48,Call of Duty: Black Ops,First-Person Shooter,118,23,United States,302375.01,2010
257,1467139.25,Call of Duty: Black Ops 2,First-Person Shooter,184,53,United States,1046289.30,2012
549,6701938.95,Call of Duty: Black Ops 4,First-Person Shooter,376,66,United States,4723999.52,2018
425,3939783.29,Call of Duty: Black Ops III,First-Person Shooter,420,78,United States,2254984.62,2015
704,611608.35,Call of Duty: Blackout,First-Person Shooter,175,18,United States,429158.72,2018
273,1594185.25,Call of Duty: Ghosts,First-Person Shooter,199,76,United States,1136779.78,2013
455,4156205.06,Call of Duty: Infinite Warfare,First-Person Shooter,341,80,United States,2703625.00,2016
639,0.00,Call of Duty: Mobile,First-Person Shooter,0,0,None,0.00,2019
626,6592284.50,Call of Duty: Modern Warfare,First-Person Shooter,255,44,United States,4606600.00,2019
369,112860.64,Call of Duty: Modern Warfare 2,First-Person Shooter,59,18,United States,52650.00,2009
258,1160815.66,Call of Duty: Modern Warfare 3,First-Person Shooter,209,45,United States,684635.70,2011
648,1896488.96,Call of Duty: Warzone,First-Person Shooter,471,77,United States,1147762.84,2020
490,4559271.00,Call of Duty: World War II,First-Person Shooter,266,64,United States,3250438.02,2017
386,140.00,Capcom vs. SNK,Fighting Game,6,2,United States,140.00,2000
195,24186.79,Capcom vs. SNK 2,Fighting Game,36,19,Japan,12814.00,2001
372,60500.00,Carom 3D,Sports,11,4,Brazil,30500.00,1999
460,1545.00,Catherine,Puzzle Game,11,7,United States,1443.00,2011
617,185.00,Catherine: Full Body,Puzzle Game,3,1,United States,148.00,2019
512,140.00,Chaos Code: New Sign of Catastrophe,Fighting Game,3,1,Japan,84.00,2013
547,923790.96,Chess.com,Strategy,615,165,United States,303219.83,2007
649,1084696.09,chess24,Strategy,60,9,Norway,330170.48,2014
507,766546.87,Clash of Clans,Strategy,77,6,China,268750.00,2012
464,3319748.27,Clash Royale,Strategy,287,50,United States,514837.21,2016
176,53086.67,Command & Conquer 3,Strategy,9,8,Germany,26782.92,2007
600,8561.22,Company of Heroes 2,Strategy,11,6,Germany,2801.86,2013
471,2000.00,ComPet,Strategy,50,1,Bulgaria,500.00,2016
162,13494229.57,Counter-Strike,First-Person Shooter,4137,995,Sweden,2837398.01,2000
463,406989.60,Counter-Strike Online,First-Person Shooter,70,12,China,286759.60,2016
171,162150.60,Counter-Strike: Condition Zero,First-Person Shooter,111,3,"Korea, Republic of",87150.78,2004
245,102474261.25,Counter-Strike: Global Offensive,First-Person Shooter,13032,5252,Denmark,15379018.34,2012
226,3117222.29,Counter-Strike: Source,First-Person Shooter,1502,333,United States,748374.21,2004
565,100000.00,Creative Destruction,Multiplayer Online Battle Arena,8,1,United States,90000.00,2018
473,12606.41,Critical Ops,First-Person Shooter,4,3,United States,79.80,2015
352,6448845.02,CrossFire,First-Person Shooter,629,306,China,2116121.60,2007
396,11340.95,Crysis,First-Person Shooter,0,2,None,0.00,2007
697,190.95,Cultris II,Puzzle Game,3,1,Mexico,100.50,2011
392,50300.00,Day of Defeat,First-Person Shooter,37,3,United States,19400.04,2003
354,14068.57,Day of Defeat: Source,First-Person Shooter,50,8,France,6386.38,2005
699,15000.00,Dead By Daylight,Strategy,15,3,United States,13125.00,2016
192,497745.31,Dead or Alive 4,Fighting Game,45,13,United States,228250.00,2005
253,0.00,Dead or Alive 5,Fighting Game,4,2,Japan,0.00,2012
269,0.00,Dead or Alive 5 Ultimate,Fighting Game,37,7,Netherlands,0.00,2013
388,8163.82,Dead or Alive 5: Last Round,Fighting Game,45,19,United States,7347.04,2015
570,64232.54,Dead or Alive 6,Fighting Game,63,18,United States,34568.23,2019
193,30000.00,Dead or Alive Ultimate,Fighting Game,3,1,Japan,15000.00,2004
669,170.00,Def Jam: Fight for NY,Fighting Game,3,1,United States,170.00,2004
163,857420.65,Defense of the Ancients,Multiplayer Online Battle Arena,468,94,China,454766.87,2003
417,60.00,Dengeki Bunko: Fighting Climax,Fighting Game,3,1,United States,60.00,2014
440,2852.80,Dengeki Bunko: Fighting Climax Ignition,Fighting Game,31,10,United States,1215.05,2015
365,50000.00,Descent 3,First-Person Shooter,1,1,United States,50000.00,1999
393,32900.19,Diabotical,First-Person Shooter,111,31,United States,17033.59,2020
670,70.00,Digimon Rumble Arena,Fighting Game,3,1,United States,70.00,2001
633,10000.00,Dirt Rally 2.0,Racing,5,2,Finland,2500.00,2019
344,5840.00,Divekick,Fighting Game,27,11,United States,5820.00,2013
539,0.00,Dofus,Multiplayer Online Battle Arena,0,0,None,0.00,2004
492,7000.00,Doom (2016),First-Person Shooter,6,1,United States,7000.00,2016
170,257748.16,Doom 3,First-Person Shooter,14,4,China,144748.16,2004
262,1000.00,Doom II: Hell on Earth,First-Person Shooter,1,2,United States,1000.00,1994
231,227419904.51,Dota 2,Multiplayer Online Battle Arena,3836,1434,China,65060611.47,2013
588,26024.18,Dota Underlords,Strategy,62,36,Russian Federation,12655.84,2019
541,337985.40,Dragon Ball FighterZ,Fighting Game,159,73,Japan,166119.31,2018
429,204.06,Dragon Ball Z: Budokai 3,Fighting Game,3,1,Canada,204.06,2004
631,0.00,Dream league Soccer,Sports,0,0,None,0.00,2019
671,250.00,Duck Game,Fighting Game,3,1,United States,150.00,2014
533,0.00,Echo Arena,First-Person Shooter,0,0,None,0.00,2017
444,0.00,Endgods,Strategy,0,0,None,0.00,2015
398,60923.12,Enemy Territory: Quake Wars,First-Person Shooter,27,4,United States,28000.01,2007
647,54600.00,Escape from Tarkov,First-Person Shooter,96,2,United States,21400.00,2020
672,1311.60,Eternal Fighter Zero,Fighting Game,7,2,United States,1133.39,2000
407,131509.05,Evolve,First-Person Shooter,110,33,United States,79839.27,2015
366,178000.00,F.E.A.R.,First-Person Shooter,20,5,Sweden,76500.00,2005
579,200000.00,F1 2018,Racing,21,1,United Kingdom,56833.33,2018
610,538047.38,F1 2019,Racing,25,2,Italy,133333.32,2019
523,4100.00,Faeria,Collectible Card Game,12,5,France,1650.00,2017
696,302000.00,Fall Guys,Battle Royale,237,4,United States,242375.00,2020
637,3860.00,Fantasy Strike,Fighting Game,18,3,United States,3714.20,2019
630,158361.30,Farming Simulator 19,Strategy,84,12,Germany,132590.48,2018
223,54066.44,FIFA 03,Sports,10,3,Germany,37844.41,2002
222,40000.00,FIFA 04,Sports,3,3,"Korea, Republic of",25000.00,2003
221,57728.01,FIFA 05,Sports,5,8,Germany,20000.00,2004
220,112464.53,FIFA 06,Sports,23,12,Germany,30761.56,2005
219,237812.23,FIFA 07,Sports,42,13,Canada,55000.00,2006
218,207129.94,FIFA 08,Sports,68,17,United Kingdom,53473.11,2007
217,121618.34,FIFA 09,Sports,52,19,Germany,65418.41,2008
216,117026.71,FIFA 10,Sports,64,48,Germany,33692.39,2009
215,93983.77,FIFA 11,Sports,72,78,Portugal,22000.00,2010
250,54431.52,FIFA 12,Sports,53,66,Spain,20000.00,2011
255,458427.82,FIFA 13,Sports,53,62,Sweden,150750.89,2012
271,96347.81,FIFA 14,Sports,57,69,Denmark,21250.00,2013
362,144373.99,FIFA 15,Sports,169,352,France,34394.05,2014
421,117828.11,FIFA 16,Sports,61,28,Germany,35842.63,2015
465,1482612.63,FIFA 17,Sports,156,48,United Kingdom,382513.48,2016
518,2233697.69,FIFA 18,Sports,238,48,Saudi Arabia,525250.00,2017
556,3242642.34,FIFA 19,Sports,303,48,Germany,612962.72,2018
621,1144673.72,FIFA 20,Sports,248,39,United Kingdom,205613.04,2019
414,50000.00,FIFA 2000,Sports,4,1,"Korea, Republic of",50000.00,1999
229,46000.00,FIFA 2001,Sports,9,2,"Korea, Republic of",22000.00,2000
224,43000.00,FIFA 2002 World Cup,Sports,8,1,"Korea, Republic of",31000.00,2002
368,1434341.90,FIFA Online 3,Sports,89,9,"Korea, Republic of",621372.88,2012
555,679240.00,FIFA Online 4,Sports,84,4,"Korea, Republic of",213999.96,2018
673,580.68,Fight of Animals,Fighting Game,7,3,United States,355.36,2019
607,195.00,Fighter's History Dynamite,Fighting Game,3,1,Japan,195.00,1994
581,1642.96,Fighting EX Layer,Fighting Game,16,7,United States,1386.48,2018
534,97508425.00,Fortnite,Battle Royale,4347,660,United States,33422756.37,2017
270,222000.00,Forza Motorsport 2,Racing,17,2,United Kingdom,125000.00,2007
380,11000.00,Forza Motorsport 3,Racing,3,2,United Kingdom,7000.00,2009
378,132.37,Forza Motorsport 4,Racing,2,1,Finland,132.37,11
578,66350.00,Forza Motorsport 6,Racing,35,9,United States,24050.00,2015
577,800200.00,Forza Motorsport 7,Racing,118,12,United Kingdom,246033.36,2017
598,1006392.23,Free Fire,Battle Royale,291,14,Thailand,355385.22,2017
605,658.71,Garou: Mark of the Wolves,Fighting Game,13,4,United States,318.16,1999
595,1223000.00,Gears 5,Third-Person Shooter,140,18,United States,664050.00,2019
214,252195.57,Gears of War,Third-Person Shooter,33,18,United States,4878.30,2006
263,135000.00,Gears of War 2,Third-Person Shooter,0,5,None,0.00,2008
382,7255.81,Gears of War 3,Third-Person Shooter,13,4,United States,2500.00,2011
452,3087285.00,Gears of War 4,Third-Person Shooter,135,41,United States,2081425.00,2016
505,170000.00,Gears of War: Ultimate Edition,Third-Person Shooter,39,3,United States,133500.00,2015
466,24000.00,Ghost Recon Advanced Warfighter,First-Person Shooter,0,2,None,0.00,2006
408,3250.00,Gran Turismo 3: A-Spec,Racing,4,2,United States,3250.00,2001
238,44000.00,Gran Turismo 4,Racing,5,2,France,40000.00,2004
629,25564.00,Gran Turismo Sport,Racing,28,6,Malaysia,20160.00,2017
445,0.00,Gray Basin,First-Person Shooter,0,0,None,0.00,2015
433,36400.00,Grey Goo,Strategy,18,5,Netherlands,11250.00,2015
632,218.75,GRID (2019),Racing,3,1,United Kingdom,218.75,2019
381,476005.50,Guild Wars 2,Role-Playing Game,152,57,United States,161799.53,2012
604,32.00,Guilty Gear,Fighting Game,3,1,United States,32.00,1998
438,36437.43,Guilty Gear Xrd -REVELATOR-,Fighting Game,61,19,Japan,24055.20,2016
375,37445.66,Guilty Gear Xrd -SIGN-,Fighting Game,80,38,Japan,22729.50,2014
495,116634.70,Guilty Gear Xrd REV 2,Fighting Game,101,49,Japan,71752.66,2017
199,0.00,Guilty Gear XX,Fighting Game,5,2,United Kingdom,0.00,2002
200,0.00,Guilty Gear XX #Reload,Fighting Game,3,1,Japan,0.00,2003
202,10365.00,Guilty Gear XX Accent Core,Fighting Game,33,4,United States,7948.34,2007
203,0.00,Guilty Gear XX Accent Core Plus,Fighting Game,3,1,Saudi Arabia,0.00,2008
334,4640.00,Guilty Gear XX Accent Core Plus R,Fighting Game,61,19,United States,2681.00,2012
201,10250.00,Guilty Gear XX Slash,Fighting Game,6,2,Japan,7000.02,2005
403,10500.00,Guitar Hero 5,Sports,3,1,France,6000.00,2009
410,19000.00,Guitar Hero III: Legends of Rock,Sports,8,2,United States,18250.00,2007
576,0.00,Guitar Hero: World Tour,Sports,0,0,None,0.00,2008
513,280.00,Gundam Versus,First-Person Shooter,6,1,United States,280.00,2017
571,198750.00,Guns of Boom,First-Person Shooter,8,21,United Kingdom,20887.50,2017
487,841757.17,Gwent,Collectible Card Game,320,110,Germany,264979.87,2016
419,2067122.00,H1Z1,Battle Royale,119,13,United States,1255333.44,2016
154,1489362.47,Halo 2,First-Person Shooter,119,71,United States,1392257.62,2004
384,468705.05,Halo 2 Anniversary,First-Person Shooter,97,20,United States,406262.50,2014
155,2158079.40,Halo 3,First-Person Shooter,210,41,United States,1993437.10,2007
256,430748.76,Halo 4,First-Person Shooter,66,19,United States,419402.56,2012
423,7071480.97,Halo 5: Guardians,First-Person Shooter,233,75,United States,5359312.23,2015
153,299281.00,Halo: Combat Evolved,First-Person Shooter,114,39,United States,183416.00,2001
643,0.00,Halo: Infinite,First-Person Shooter,0,0,None,0.00,2020
156,822089.97,Halo: Reach,First-Person Shooter,101,29,United States,747862.60,2010
502,94434.20,Hand of the Gods,Collectible Card Game,48,36,United States,24040.00,2017
328,23098378.24,Hearthstone,Collectible Card Game,2423,898,China,3598395.20,2014
501,12339.33,Heavy Metal Machines,Multiplayer Online Battle Arena,35,1,Russian Federation,6933.57,2017
242,2915206.56,Heroes of Newerth,Multiplayer Online Battle Arena,813,371,Sweden,669252.19,2010
371,18177982.65,Heroes of the Storm,Multiplayer Online Battle Arena,1250,463,"Korea, Republic of",5808630.38,2015
608,145.00,Hokuto no Ken,Fighting Game,3,1,Japan,145.00,2005
663,299000.00,Hyper Scape,Multiplayer Online Battle Arena,260,4,United States,135116.66,2020
168,10250.00,Hyper Street Fighter II,Fighting Game,8,1,United States,8750.00,2003
674,50.00,HYPERFIGHT,Fighting Game,3,1,United States,35.00,2019
494,835742.83,Injustice 2,Fighting Game,81,37,United States,637431.55,2017
260,35176.89,Injustice: Gods Among Us,Fighting Game,101,117,United States,34510.00,2013
665,10000.00,Internet Chess Club,Strategy,6,1,Azerbaijan,3000.00,1995
532,1198206.13,iRacing.com,Racing,759,94,United States,440371.79,2008
681,0.00,Iron Harvest,Strategy,0,0,None,0.00,2020
543,0.00,Ironsight,First-Person Shooter,0,0,None,0.00,2018
544,0.00,Islands of Nyne,First-Person Shooter,0,0,None,0.00,2017
675,284.99,JoJo's Bizarre Adventure: Heritage for the Future,Fighting Game,5,2,United States,261.50,1999
664,225.00,Jstris,Puzzle Game,8,1,United States,166.25,2014
363,0.00,Just Dance 2014,Sports,3,1,Brazil,0.00,2014
483,567366.35,KartRider,Racing,76,20,"Korea, Republic of",560130.35,2004
612,920.00,Kill la Kill the Game: IF,Fighting Game,12,4,United States,389.50,2019
333,224466.96,Killer Instinct (2013),Fighting Game,128,53,United States,213827.07,2013
442,760.00,King of Fighters 2002 Unlimited Match,Fighting Game,6,2,United States,380.00,2009
602,7945.57,King of Fighters 98,Fighting Game,7,3,China,7399.51,1998
427,25.00,King of Fighters XI,Fighting Game,3,1,United States,25.00,2005
241,44724.28,King of Fighters XIII,Fighting Game,107,43,Mexico,13208.75,2010
441,72902.09,King of Fighters XIV,Fighting Game,90,37,Japan,18483.00,2016
461,1665.00,Koihime Enbu,Fighting Game,13,6,United States,816.00,2016
164,79003448.94,League of Legends,Multiplayer Online Battle Arena,7130,2477,"Korea, Republic of",26739426.14,2009
424,472.66,Legend of Glory,Multiplayer Online Battle Arena,0,1,None,0.00,2015
644,118481.03,Legends of Runeterra,Collectible Card Game,30,5,United States,48000.00,2020
560,2172.90,Lethal League Blaze,Fighting Game,15,8,United Kingdom,861.28,2018
650,827768.91,Lichess,Strategy,200,75,United States,415335.00,2010
348,9219.14,Live for Speed,Racing,16,8,Germany,9019.72,2003
472,20163.00,Mad Skills Motocross 2,Racing,12,1,United States,9175.00,2017
573,125000.00,Madden NFL 19,Sports,5,3,United States,125000.00,2018
412,1500.00,Madden NFL 2004,Sports,3,1,United States,1500.00,2003
477,100000.00,Madden NFL 2006,Sports,1,1,United States,100000.00,2005
478,100000.00,Madden NFL 2007,Sports,1,1,United States,100000.00,2006
479,100000.00,Madden NFL 2008,Sports,1,1,United States,100000.00,2007
480,100000.00,Madden NFL 2009,Sports,1,1,United States,100000.00,2008
275,400000.00,Madden NFL 2013,Sports,8,1,United States,209200.00,2012
476,50000.00,Madden NFL 2016,Sports,8,1,United States,50000.00,2015
475,1004000.00,Madden NFL 2017,Sports,42,5,United States,1004000.00,2016
519,279676.62,Madden NFL 2018,Sports,40,3,United States,230567.66,2017
567,5512000.00,Magic: The Gathering Arena,Collectible Card Game,232,36,United States,1229725.00,2018
545,1218000.00,Magic: The Gathering Online,Collectible Card Game,130,10,United States,446000.00,2002
641,130.00,Magical Drop III,Puzzle Game,3,1,United States,130.00,1997
677,200.00,Maiden & Spell,Fighting Game,3,1,United States,140.00,2020
594,1754.44,Mario Kart 8 Deluxe,Racing,30,4,United States,1244.50,2017
562,61.30,Mario Tennis Aces,Sports,6,2,Germany,43.20,2018
194,39060.00,Marvel vs. Capcom 2,Fighting Game,60,28,United States,39060.00,2000
196,22343.62,Marvel vs. Capcom 3,Fighting Game,38,12,United States,17767.00,2011
470,42482.12,Marvel vs. Capcom: Infinite,Fighting Game,49,19,United States,42052.42,2017
488,143490.00,MechWarrior Online,First-Person Shooter,0,1,None,0.00,2013
209,0.00,Melty Blood: Actress Again,Fighting Game,10,2,Japan,0.00,2009
458,8587.76,Melty Blood: Actress Again Current Code,Fighting Game,48,18,United States,5755.82,2010
432,8000.00,Metal Gear Online,First-Person Shooter,37,8,Japan,2000.04,2008
606,7430.00,Million Arthur: Arcana Blood,Fighting Game,9,3,Japan,7000.00,2017
559,279539.15,Minecraft,Multiplayer Online Battle Arena,81,14,United States,119775.00,2011
467,225.00,MOBA Legends,Multiplayer Online Battle Arena,3,1,United States,225.00,2016
531,0.00,Mobile Legends: Bang Bang,Multiplayer Online Battle Arena,0,0,None,0.00,2016
652,16623.00,Mordhau,Fighting Game,40,3,United States,7885.00,2019
583,392602.33,Mortal Kombat 11,Fighting Game,158,37,United States,271196.30,2019
211,136891.67,Mortal Kombat 9,Fighting Game,67,26,United States,136719.50,2011
361,0.00,Mortal Kombat vs. DC Universe,Fighting Game,3,1,United States,0.00,2008
391,523532.42,Mortal Kombat X,Fighting Game,100,62,United States,411599.58,2015
448,129203.79,Mortal Kombat XL,Fighting Game,50,17,United States,81834.47,2016
694,148384.33,Multigaming,Strategy,19,3,France,148384.38,2000
599,10995.00,Mystery Game Tournament,Fighting Game,56,8,United States,10985.00,2019
486,4550.00,Naruto Shippuden: Ultimate Ninja Storm 4,Fighting Game,7,5,United States,1200.00,2016
678,200.00,Naruto: Gekitou Ninja Taisen! 4,Fighting Game,3,1,United States,200.00,2005
662,200500.00,NASCAR Heat 4,Racing,34,5,United States,200500.00,2019
350,7679.25,NASCAR Thunder 2002,Racing,0,1,None,0.00,2001
358,5933.50,NASCAR Thunder 2003,Racing,0,1,None,0.00,2002
367,0.00,NBA 2K Online,Sports,0,0,None,0.00,2012
538,1000000.00,NBA 2K18,Sports,91,4,United States,940633.24,2017
591,0.00,NBA 2K19,Sports,0,0,None,0.00,2018
173,36322.58,Need for Speed Carbon,Racing,12,4,Brazil,12000.00,2006
174,35694.54,Need for Speed: Most Wanted,Racing,18,7,Russian Federation,30416.72,2005
277,32208.46,Need for Speed: ProStreet,Racing,12,3,Russian Federation,22000.00,2007
232,10500.00,Need for Speed: Shift,Racing,3,1,Netherlands,6000.00,2009
227,35000.00,Need for Speed: Underground,Racing,3,1,Germany,20000.00,2003
175,35629.48,Need for Speed: Underground 2,Racing,8,3,Brazil,30000.00,2004
416,3818.56,NHL '94,Sports,25,8,Canada,2633.34,1993
377,702.93,NHL 12,Sports,6,2,Finland,702.95,2011
276,70000.00,NHL 13,Sports,1,1,United States,70000.00,2012
329,3023.96,NHL 14,Sports,6,3,Canada,723.17,2013
383,3157.16,NHL 15,Sports,3,3,Finland,391.90,2014
574,0.00,NHL 17,Sports,0,0,None,0.00,2016
542,102700.00,NHL 18,Sports,20,6,Finland,52500.00,2017
572,22566.67,NHL 19,Sports,10,8,United States,17200.00,2018
420,1994.00,Nitroplus Blasterz: Heroines Infinite Duel,Fighting Game,10,4,United States,1718.00,2015
557,422504.20,Old School Runescape,Role-Playing Game,66,22,United Kingdom,170313.70,2013
525,23100.00,osu!,Strategy,971,7,United States,8975.50,2007
426,26049333.28,Overwatch,First-Person Shooter,3494,743,"Korea, Republic of",13127719.69,2016
515,0.00,Pac-man,Puzzle Game,0,0,None,0.00,1981
239,1015000.00,Painkiller,First-Person Shooter,48,13,United States,299225.00,2004
447,2136366.60,Paladins,First-Person Shooter,575,67,United States,566877.41,2015
691,40.00,Panel Attack,Puzzle Game,3,1,Brazil,24.00,2020
252,6336.63,Persona 4 Arena,Fighting Game,42,11,United States,2751.00,2012
389,18828.16,Persona 4 Arena Ultimax,Fighting Game,58,19,Japan,14777.50,2013
656,32866.58,Playchess.com,Strategy,116,9,Azerbaijan,13050.42,2002
554,3764853.07,PLAYERUNKNOWN'S BATTLEGROUNDS Mobile,Battle Royale,1055,39,China,914193.07,2017
504,23710378.57,PLAYERUNKNOWN'S BATTLEGROUNDS,Battle Royale,2754,294,"Korea, Republic of",6136956.62,2017
679,60.00,Pocket Rumble,Fighting Game,3,1,United States,60.00,2016
346,699167.75,Point Blank,First-Person Shooter,297,32,Russian Federation,212436.26,2008
481,0.00,Pokémon TGC,Strategy,0,0,None,0.00,1996
503,211500.00,Pokémon VGC,Strategy,170,24,United States,82250.00,2017
437,77016.66,Pokken Tournament,Strategy,62,25,Japan,36043.89,2016
506,20275.40,PokkÃ©n Tournament DX,Strategy,43,26,United States,10703.46,2017
680,50.00,Power Instinct: Matrimelee,Fighting Game,3,1,Spain,45.00,2002
614,1390.00,Power Rangers: Battle for the Grid,Fighting Game,11,4,United States,1387.00,2019
516,4178.55,Power Rangers: Legacy Wars,Fighting Game,2,1,Sweden,4178.55,2017
337,2084.15,Pro Evolution Soccer 2008,Sports,6,3,France,1390.10,2007
338,1395.97,Pro Evolution Soccer 2009,Sports,5,2,Germany,775.32,2008
500,0.00,Pro Evolution Soccer 2013,Sports,0,0,None,0.00,2012
497,29410.25,Pro Evolution Soccer 2014,Sports,4,1,Greece,17646.15,2013
498,26544.76,Pro Evolution Soccer 2015,Sports,3,1,France,17311.80,2014
450,27243.84,Pro Evolution Soccer 2016,Sports,17,6,France,16953.63,2015
451,514697.71,Pro Evolution Soccer 2017,Sports,39,16,Brazil,206000.00,2016
550,250000.00,Pro Evolution Soccer 2018,Sports,20,3,Italy,108000.00,2017
645,216000.00,Pro Evolution Soccer 2019,Sports,25,2,Brazil,93400.00,2019
234,25000.00,Pro Evolution Soccer 3,Sports,8,2,France,10000.00,2003
235,40550.64,Pro Evolution Soccer 4,Sports,11,2,Saudi Arabia,13000.00,2004
236,32000.00,Pro Evolution Soccer 5,Sports,4,1,France,22000.00,2005
237,20216.82,Pro Evolution Soccer 6,Sports,5,2,Germany,13000.00,2006
482,67908.21,Project Cars,Racing,50,113,France,30590.00,2015
561,66150.00,Project Cars 2,Racing,37,22,France,12050.00,2017
228,35000.00,Project Gotham Racing 2,Racing,4,2,Netherlands,25000.00,2003
180,297286.85,Project Gotham Racing 3,Racing,33,10,United States,200000.00,2005
181,25208.46,Project Gotham Racing 4,Racing,5,4,Netherlands,13854.23,2007
619,165.00,Project Justice,Fighting Game,3,1,Japan,132.00,2000
331,205292.09,Project M,Fighting Game,560,335,United States,164361.47,2010
682,20.00,Project Plus,Fighting Game,3,1,United States,20.00,2019
653,13000.00,Prophecy,Strategy,27,4,United States,10400.00,2020
683,300.00,Punch Planet,Fighting Game,3,1,United States,300.00,2017
601,2482.30,Puyo Puyo Champions,Puzzle Game,14,5,Japan,1462.60,2019
514,3422.84,Puyo Puyo Tetris,Puzzle Game,31,16,United States,1672.83,2014
169,556678.51,Quake 4,First-Person Shooter,100,52,Sweden,231225.67,2005
499,2409118.25,Quake Champions,First-Person Shooter,250,239,United States,675806.05,2017
161,140179.50,Quake II,First-Person Shooter,32,10,United States,100600.00,1997
159,1137832.19,Quake III Arena,First-Person Shooter,243,100,United States,534686.05,1999
157,682294.04,Quake Live,First-Person Shooter,213,410,United States,235711.84,2010
160,103251.70,QuakeWorld,First-Person Shooter,47,15,United States,36325.00,1996
569,102918.70,RaceRoom Racing Experience,Racing,143,18,Germany,45210.29,2013
706,120000.00,Radical Heights,Battle Royale,12,2,United States,50000.00,2018
493,5000.00,Rage,First-Person Shooter,3,1,United States,5000.00,2011
439,12214525.74,Rainbow Six Siege,First-Person Shooter,1552,228,United States,2959315.46,2015
265,176400.77,Rainbow Six: Vegas,First-Person Shooter,137,7,United States,53737.32,2006
266,79000.00,Rainbow Six: Vegas 2,First-Person Shooter,0,8,None,0.00,2008
546,263000.00,Realm Royale,First-Person Shooter,47,9,United States,208250.00,2018
373,58000.00,Red Stone,Role-Playing Game,12,2,"Korea, Republic of",34000.00,2004
404,2158.40,Reflex,First-Person Shooter,21,7,Netherlands,932.74,2015
247,67424.30,Return to Castle Wolfenstein,First-Person Shooter,30,3,United States,18833.34,2001
700,15083.56,rFactor,Racing,51,4,Netherlands,4210.55,2005
526,1222855.26,rFactor 2,Racing,196,42,Netherlands,281543.31,2013
603,70000.00,Ring of Elysium,Battle Royale,9,4,United States,17500.00,2018
399,69600.00,Rise of Nations: Rise of Legends,Strategy,8,1,"Korea, Republic of",40000.00,2006
418,1000.00,Rising Thunder,Fighting Game,3,1,United States,1000.00,2015
469,37787.00,Rivals of Aether,Fighting Game,43,15,United States,35145.90,2015
698,100000.00,Rocket Arena,Battle Royale,24,3,United States,95700.00,2020
409,9171818.72,Rocket League,Sports,1086,1087,United States,2894739.17,2015
684,50.00,Roof Rage,Fighting Game,3,1,Canada,30.00,2019
527,0.00,Rules Of Survival,Battle Royale,0,0,None,0.00,2017
411,132532.93,S.K.I.L.L. - Special Force 2,First-Person Shooter,82,21,Germany,25836.34,2013
401,4901.26,S.T.A.L.K.E.R.: Shadow of Chernobyl,First-Person Shooter,0,1,None,0.00,2007
580,3201.19,Sailor Moon S,Fighting Game,18,11,United States,1853.11,1995
593,68009.91,Samurai Shodown (2019),Fighting Game,58,15,"Korea, Republic of",28374.00,2019
685,30.00,Samurai Shodown III,Fighting Game,3,1,United States,30.00,1995
615,590.57,Samurai Shodown V Special,Fighting Game,15,5,United States,432.74,2004
686,100.00,Schwarzerblitz,Fighting Game,3,1,United States,70.00,2020
624,0.00,Sea of Thieves,Strategy,0,0,None,0.00,2016
701,19596.00,Sekiro: Shadows Die Twice,Fighting Game,20,1,United States,7456.00,2019
267,24000.00,Shadowrun,First-Person Shooter,0,3,None,0.00,2007
564,3211177.09,Shadowverse,Collectible Card Game,239,42,Japan,1633309.47,2016
563,0.00,Shardbound,Collectible Card Game,0,0,None,0.00,2017
422,1029.21,Shards of War,Multiplayer Online Battle Arena,20,1,Russian Federation,777.66,2015
254,261687.04,ShootMania Storm,First-Person Shooter,80,40,France,103365.62,2013
636,60.00,Shovel Knight Showdown,Fighting Game,3,1,United States,60.00,2019
687,50.00,Shrek SuperSlam,Fighting Game,3,1,United States,35.00,2005
342,300.00,Skullgirls,Fighting Game,3,1,United States,300.00,2012
459,18321.00,Skullgirls 2nd Encore,Fighting Game,34,12,United States,16416.40,2015
343,9155.40,Skullgirls Encore,Fighting Game,37,13,United States,8433.40,2014
688,300.00,Slap City,Fighting Game,3,1,Canada,180.00,2018
689,500.00,SLAYERS FOR HIRE,Fighting Game,8,1,United States,490.00,2020
351,8640112.75,SMITE,Multiplayer Online Battle Arena,522,95,United States,3512644.34,2014
611,430.00,SNK Heroines: Tag Team Frenzy,Fighting Game,3,1,Japan,365.50,2018
524,0.00,Soccer Stars,Sports,0,0,None,0.00,2018
197,4790.00,Soul Calibur II,Fighting Game,15,7,United States,3590.00,2003
340,945.41,Soul Calibur II HD Online,Fighting Game,29,5,United States,860.00,2013
198,100260.00,Soul Calibur IV,Fighting Game,4,3,United States,100260.00,2008
240,60008.54,Soul Calibur V,Fighting Game,78,26,United States,37730.00,2012
568,109895.21,Soul Calibur VI,Fighting Game,101,49,United States,59002.20,2018
485,130250.00,Special Force,First-Person Shooter,0,3,None,0.00,2004
690,50.00,Speedrunners,Racing,3,1,United States,30.00,2016
415,1390.00,Splatoon,First-Person Shooter,3,4,Japan,180.00,2015
509,10055.00,Splatoon 2,First-Person Shooter,13,7,United States,1270.00,2017
582,50000.00,Splitgate: Arena Warfare,Multiplayer Online Battle Arena,64,2,United States,45125.00,2019
349,7679.25,Star Wars Jedi Knight II: Jedi Outcast,First-Person Shooter,0,1,None,0.00,2002
151,33914062.96,StarCraft II,Strategy,2078,5909,"Korea, Republic of",20635189.05,2010
152,8251181.43,StarCraft: Brood War,Strategy,674,571,"Korea, Republic of",7577721.71,1998
705,54250.00,Stardew Valley,Role-Playing Game,56,2,United States,38650.00,2016
385,1390.00,Street Fighter Alpha 2,Fighting Game,17,8,United States,1217.50,1996
353,300.00,Street Fighter Alpha 3,Fighting Game,15,4,United States,300.00,1998
584,350.00,Street Fighter EX2 Plus,Fighting Game,5,2,United States,214.00,1999
167,49378.86,Street Fighter III: 3rd Strike,Fighting Game,83,35,Japan,27154.00,1999
206,7938.22,Street Fighter IV,Fighting Game,41,12,Japan,3792.96,2009
434,2202726.43,Street Fighter V,Fighting Game,233,120,United States,729298.52,2016
536,2017135.95,Street Fighter V: Arcade Edition,Fighting Game,229,100,Japan,912761.05,2018
642,33628.66,Street Fighter V: Champion Edition,Fighting Game,10,2,Japan,32628.66,2020
213,84090.64,Street Fighter X Tekken,Fighting Game,115,93,"Korea, Republic of",32667.58,2012
484,0.00,Sudden Attack,First-Person Shooter,0,0,None,0.00,2005
596,220.00,Super Mario Party,Strategy,4,1,Canada,220.00,2018
330,68082.81,Super Smash Bros.,Fighting Game,234,123,United States,30482.95,1999
205,246715.83,Super Smash Bros. Brawl,Fighting Game,499,344,United States,197341.12,2008
374,1511976.47,Super Smash Bros. for Wii U,Fighting Game,1264,1022,United States,877229.51,2014
204,3210134.19,Super Smash Bros. Melee,Fighting Game,1878,2608,United States,2420764.48,2001
558,1311867.69,Super Smash Bros. Ultimate,Fighting Game,1879,1197,United States,701269.25,2018
166,23678.05,Super Street Fighter II Turbo,Fighting Game,104,44,United States,15479.09,1994
207,16360.00,Super Street Fighter II Turbo HD Remix,Fighting Game,29,8,United States,14360.00,2008
230,20877.30,Super Street Fighter IV,Fighting Game,40,16,United States,9315.00,2010
208,343878.08,Super Street Fighter IV Arcade Edition,Fighting Game,153,202,Japan,160296.98,2010
400,4901.26,Supreme Commander,Strategy,0,1,None,0.00,2007
397,1290.01,Supreme Commander: Forged Alliance,Strategy,0,1,None,0.00,2007
210,1330.81,Tatsunoko vs. Capcom: Ultimate All-Stars,Fighting Game,13,8,United States,1030.00,2010
335,718078.81,Team Fortress 2,First-Person Shooter,1364,197,United States,348503.14,2007
592,819313.65,Teamfight Tactics,Strategy,159,15,United States,233175.00,2019
585,820.00,Teenage Mutant Ninja Turtles: Tournament Fighters,Fighting Game,7,2,United States,820.00,1993
609,0.00,Teeworlds,Multiplayer Online Battle Arena,0,0,None,0.00,2007
185,12500.00,Tekken 4,Fighting Game,4,4,United States,0.00,2001
186,10250.00,Tekken 5,Fighting Game,10,9,United States,10250.00,2004
187,12180.00,Tekken 5: Dark Resurrection,Fighting Game,18,5,United States,11335.00,2006
189,119874.64,Tekken 6,Fighting Game,59,30,United States,56523.74,2007
406,1687721.25,Tekken 7,Fighting Game,425,235,"Korea, Republic of",721643.78,2015
188,0.00,Tekken Tag Tournament,Fighting Game,7,4,United Kingdom,0.00,1999
251,125965.70,Tekken Tag Tournament 2,Fighting Game,142,138,"Korea, Republic of",66431.00,2011
627,456721.47,TEPPEN,Strategy,12,1,"Taiwan, Republic of China",280883.69,2019
654,2514.50,Tetr.io,Puzzle Game,13,9,United States,1454.01,2020
628,16026.38,Tetris,Puzzle Game,27,7,United States,13065.13,1989
428,221.00,Tetris Ultimate,Puzzle Game,3,1,Canada,170.00,2014
703,27250.00,The Division 2,Third-Person Shooter,40,2,United States,13125.00,2019
491,5000.00,The Elder Scrolls: Legends,Collectible Card Game,3,1,United States,5000.00,2017
676,20.00,The Last Blade 2,Fighting Game,3,1,United States,18.00,1998
616,580.00,Them's Fightin' Herds,Fighting Game,10,4,United States,565.00,2018
666,1555.01,Touhou Hisoutensoku ,Fighting Game,12,3,United States,1085.51,2009
474,0.00,TowerFall: Ascension,Fighting Game,0,0,None,0.00,2013
655,45691.03,Trackmania (2020),Racing,71,30,France,26544.08,2020
359,22098.74,TrackMania 2: Canyon,Racing,21,36,Germany,6127.32,2011
272,198363.85,TrackMania 2: Stadium,Racing,345,281,France,63229.78,2013
658,779.34,Trackmania 2: Valley,Racing,6,2,Germany,378.46,2013
233,93381.66,TrackMania Nations,Racing,18,8,France,34381.66,2006
172,167386.65,TrackMania Nations Forever,Racing,109,73,Sweden,45848.68,2008
657,679.41,Trackmania Turbo,Racing,6,2,France,510.22,2016
660,1027.50,Trackmania United,Racing,3,1,France,1027.50,2006
336,0.00,Trackmania United Forever,Racing,0,0,None,0.00,2008
395,0.00,Trials Fusion,Racing,0,0,None,0.00,2014
370,1000000.00,Turbo Racing League,Racing,16,9,United States,800000.00,2013
692,100.00,Twinkle Star Sprites,Puzzle Game,3,1,United States,100.00,1996
249,116733.16,Ultimate Marvel vs. Capcom 3,Fighting Game,190,169,United States,100625.35,2011
360,150.00,Ultimate Mortal Kombat 3,Fighting Game,6,2,United States,150.00,1995
620,320.00,Ultra Fight Da! Kyanta 2,Fighting Game,3,1,United States,288.00,2019
339,816713.46,Ultra Street Fighter IV,Fighting Game,231,229,Japan,460748.79,2014
618,140.00,Umineko: Golden Fantasia,Fighting Game,6,2,United States,140.00,2010
454,46235.07,Uncharted 4: A Thief's End,First-Person Shooter,5,1,Canada,38210.80,2016
390,6025.76,Under Night In-Birth EXE: Late,Fighting Game,52,23,United States,5273.28,2014
511,46553.33,Under Night In-Birth EXE: Late[st],Fighting Game,98,34,United States,22557.44,2015
640,1050.00,Under Night In-Birth Exe:Late[cl-r],Fighting Game,7,2,United States,715.00,2020
634,20000.00,UNO,Strategy,16,2,United States,14900.00,2016
182,89000.00,Unreal Tournament,First-Person Shooter,14,5,Germany,40000.00,1999
387,5084.97,Unreal Tournament (2016),First-Person Shooter,82,8,United Kingdom,976.55,2016
183,147473.91,Unreal Tournament 2003,First-Person Shooter,33,14,United States,39000.00,2002
184,133969.33,Unreal Tournament 2004,First-Person Shooter,41,12,Germany,48947.20,2004
259,104977.82,Unreal Tournament 3,First-Person Shooter,7,4,Portugal,42520.51,2007
449,797421.19,Vainglory,Multiplayer Online Battle Arena,247,35,United States,216009.95,2014
646,1272788.03,VALORANT,First-Person Shooter,1662,247,United States,324655.60,2020
446,9185.95,Vampire Savior,Fighting Game,32,18,United States,7488.90,1997
190,0.00,Virtua Fighter 4: Evolution,Fighting Game,6,3,United Kingdom,0.00,2002
191,39830.00,Virtua Fighter 5,Fighting Game,14,7,Japan,26250.00,2007
341,573.77,Virtua Fighter 5 Final Showdown,Fighting Game,28,6,United States,413.91,2010
158,5811479.73,WarCraft III,Strategy,558,1335,"Korea, Republic of",2054554.12,2002
638,314925.29,WarCraft III: Reforged,Strategy,77,61,China,137680.86,2020
530,109555.00,Warface,First-Person Shooter,32,2,Russian Federation,89448.60,2013
225,79816.50,"Warhammer 40,000: Dawn of War",Strategy,7,3,"Korea, Republic of",45000.00,2005
402,0.00,"Warhammer 40,000: Dawn of War II",Strategy,0,0,None,0.00,2009
590,1000.00,Warparty,Strategy,4,1,Germany,450.00,2019
379,183.00,Warsow,First-Person Shooter,2,1,Sweden,183.00,2012
587,4172.16,Windjammers,Strategy,32,11,United States,2958.00,1994
575,12000.00,Wise Star 2,Puzzle Game,3,1,Italy,7000.00,2008
496,140963.24,Wolfenstein: Enemy Territory,First-Person Shooter,152,18,Estonia,49392.32,2003
347,293338.23,World in Conflict,Strategy,38,11,United Kingdom,62120.63,2007
345,3656496.59,World of Tanks,Strategy,403,50,Russian Federation,1290113.15,2010
517,63330.00,World of Tanks Blitz,Strategy,14,6,Russian Federation,8500.03,2016
165,4957837.61,World of WarCraft,Role-Playing Game,413,118,United States,1416887.48,2004
623,50000.00,WWE 2K20,Fighting Game,20,2,United States,43500.00,2019
376,5489.65,Xonotic,First-Person Shooter,133,25,Netherlands,1881.44,2010
520,48746.72,Yu-Gi-Oh! Duel Links,Collectible Card Game,328,219,United States,19983.28,2016
535,100000.00,Zula,First-Person Shooter,20,1,Poland,65000.00,2015
